{
  "model/models.js": 1648378493252,
  "controller/NotFound.controller.js": 1648378493270,
  "utils/locate-reuse-libs.js": 1648378493249,
  "i18n/i18n.properties": 1648378493246,
  "model/formatter.js": 1648378493281,
  "controller/Worklist.controller.js": 1648378493276,
  "controller/Object.controller.js": 1648378493272,
  "manifest.json": 1648388800425,
  "controller/ErrorHandler.js": 1648378493266,
  "controller/BaseController.js": 1648378493263,
  "controller/App.controller.js": 1648378493262,
  "Component.js": 1648378493229,
  "manifest-bundle.zip": 1648388800440,
  "Component-preload.js": 1648388800783,
  "controller/NotFound-dbg.controller.js": 1648378493270,
  "model/models-dbg.js": 1648378493252,
  "model/formatter-dbg.js": 1648378493281,
  "controller/Worklist-dbg.controller.js": 1648378493276,
  "controller/Object-dbg.controller.js": 1648378493272,
  "utils/locate-reuse-libs-dbg.js": 1648378493249,
  "controller/ErrorHandler-dbg.js": 1648378493266,
  "controller/BaseController-dbg.js": 1648378493263,
  "controller/App-dbg.controller.js": 1648378493262,
  "Component-dbg.js": 1648378493229,
  "view/Worklist.view.xml": 1648378689527,
  "view/ObjectNotFound.view.xml": 1648378493307,
  "view/Object.view.xml": 1648378734699,
  "view/NotFound.view.xml": 1648378493292,
  "view/App.view.xml": 1648378493292,
  "index.html": 1648378493229
}